distance_A,e_atoms_Ha,adapt-vqe_Ha,vasqe_Ha,adapt-vqe_binding_eV,vasqe_binding_eV
0.4200,-0.99209818,-0.81900061,-0.81900061,4.710225,4.710225
0.7400,-0.99209818,-1.09535161,-1.09535161,-2.809669,-2.809669
1.0600,-0.99209818,-1.09944148,-1.09944148,-2.920960,-2.920960
1.3800,-0.99209818,-1.06191090,-1.06191090,-1.899701,-1.899701
1.7000,-0.99209818,-1.02894646,-1.02894646,-1.002693,-1.002693
2.0200,-0.99209818,-1.00894175,-1.00894175,-0.458337,-0.458337
2.3400,-0.99209818,-0.99909619,-0.99909619,-0.190425,-0.190425
2.6600,-0.99209818,-0.99484178,-0.99484178,-0.074657,-0.074657
2.9800,-0.99209818,-0.99313630,-0.99313630,-0.028249,-0.028249
