step,move,action,proposed_length,proposed_energy_eV,proposed_cost_eV,current_energy_eV,current_cost_eV,temperature_eV,log_acceptance,accepted,evaluations
1,insert,"insert(QD(2,8->4,10)@0)",1,-1323.6018627681,-1323.6017627681,-1323.6018627681,-1323.6017627681,2.000000e-01,0.673310,1,7
2,insert,"insert(QD(1,7->5,11)@1)",2,-1323.6189699591,-1323.6187699591,-1323.6189699591,-1323.6187699591,1.925050e-01,0.986164,1,10
3,insert,"insert(QD(1,7->4,10)@1)",3,-1323.6493266361,-1323.6490266361,-1323.6493266361,-1323.6490266361,1.852908e-01,1.021954,1,23
4,swap,"swap(1,2)",3,-1323.6493167146,-1323.6490167146,-1323.6493167146,-1323.6490167146,1.783470e-01,-0.000056,1,6
5,delete,delete(2),2,-1323.6189699248,-1323.6187699248,-1323.6493167146,-1323.6490167146,1.716634e-01,-1.034867,0,14
6,replace,"replace(1->QD(0,6->5,11))",3,-1323.6486499115,-1323.6483499115,-1323.6486499115,-1323.6483499115,1.652302e-01,0.038148,1,19
7,insert,"insert(QD(1,7->5,11)@1)",4,-1323.6642606872,-1323.6638606872,-1323.6642606872,-1323.6638606872,1.590382e-01,0.632080,1,40
8,delete,delete(3),3,-1323.6338923836,-1323.6335923836,-1323.6338923836,-1323.6335923836,1.530782e-01,-0.791038,1,16
9,insert,"insert(QD(0,6->4,10)@0)",4,-1323.6615866414,-1323.6611866414,-1323.6615866414,-1323.6611866414,1.473416e-01,0.975586,1,25
10,insert,"insert(QD(1,7->4,10)@3)",5,-1323.6890741130,-1323.6885741130,-1323.6890741130,-1323.6885741130,1.418199e-01,0.506310,1,36
11,delete,delete(1),4,-1323.4808526071,-1323.4804526071,-1323.6890741130,-1323.6885741130,1.365052e-01,-1.575393,0,13
12,insert,"insert(QD(2,8->5,10)@2)",6,-1323.7010976208,-1323.7004976208,-1323.7010976208,-1323.7004976208,1.313896e-01,0.760942,1,17
13,swap,"swap(4,5)",6,-1323.7010976591,-1323.7004976591,-1323.7010976591,-1323.7004976591,1.264657e-01,0.000000,1,9
14,delete,delete(2),5,-1323.6890743360,-1323.6885743360,-1323.6890743360,-1323.6885743360,1.217264e-01,-0.768054,1,8
15,delete,delete(1),4,-1323.4808526266,-1323.4804526266,-1323.6890743360,-1323.6885743360,1.171647e-01,-1.827058,0,11
16,insert,"insert(QD(1,7->5,10)@2)",6,-1323.6913040713,-1323.6907040713,-1323.6913040713,-1323.6907040713,1.127739e-01,3.199303,1,41
17,delete,delete(3),5,-1323.6754681334,-1323.6749681334,-1323.6754681334,-1323.6749681334,1.085477e-01,-0.402717,1,34
18,insert,"insert(QD(1,7->5,11)@2)",6,-1323.6912991983,-1323.6906991983,-1323.6912991983,-1323.6906991983,1.044798e-01,0.408315,1,62
19,delete,delete(2),5,-1323.6754681341,-1323.6749681341,-1323.6754681341,-1323.6749681341,1.005644e-01,-0.414174,1,34
20,insert,"insert(QD(2,8->5,10)@4)",6,-1323.6874469586,-1323.6868469586,-1323.6874469586,-1323.6868469586,9.679575e-02,2.192600,1,25
21,insert,"insert(QD(1,7->5,11)@0)",7,-1323.7032617352,-1323.7025617352,-1323.7032617352,-1323.7025617352,9.316830e-02,0.348228,1,70
22,swap,"swap(1,5)",7,-1323.7032641724,-1323.7025641724,-1323.7032641724,-1323.7025641724,8.967680e-02,0.000027,1,10
23,insert,"insert(QD(2,8->4,11)@7)",8,-1323.7148417369,-1323.7140417369,-1323.7148417369,-1323.7140417369,8.631614e-02,0.419821,1,31
24,delete,delete(4),7,-1323.7004507880,-1323.6997507880,-1323.7148417369,-1323.7140417369,8.308142e-02,-0.284971,0,54
25,swap,"swap(1,6)",8,-1323.7148417436,-1323.7140417436,-1323.7148417436,-1323.7140417436,7.996792e-02,0.000000,1,11
26,delete,delete(2),7,-1323.5070962576,-1323.5063962576,-1323.7148417436,-1323.7140417436,7.697111e-02,-2.713484,0,19
27,insert,"insert(QD(1,7->4,11)@1)",9,-1323.7169672183,-1323.7160672183,-1323.7169672183,-1323.7160672183,7.408660e-02,1.694393,1,56
28,delete,delete(0),8,-1323.7009708922,-1323.7001708922,-1323.7009708922,-1323.7001708922,7.131018e-02,-0.312450,1,49
29,insert,"insert(QD(1,7->5,11)@4)",9,-1323.7169672261,-1323.7160672261,-1323.7169672261,-1323.7160672261,6.863782e-02,0.321130,1,86
30,delete,delete(4),8,-1323.7009708924,-1323.7001708924,-1323.7169672261,-1323.7160672261,6.606560e-02,-0.330147,0,49
31,swap,"swap(2,8)",9,-1323.7169856975,-1323.7160856975,-1323.7169856975,-1323.7160856975,6.358977e-02,0.000290,1,12
32,swap,"swap(1,2)",9,-1323.7169856965,-1323.7160856965,-1323.7169856965,-1323.7160856965,6.120673e-02,-0.000000,1,10
33,delete,delete(7),8,-1323.7054567527,-1323.7046567527,-1323.7054567527,-1323.7046567527,5.891300e-02,-0.443701,1,21
34,swap,"swap(6,7)",8,-1323.7054479810,-1323.7046479810,-1323.7054479810,-1323.7046479810,5.670522e-02,-0.000155,1,11
35,replace,"replace(1->QD(0,6->5,10))",8,-1323.6951043414,-1323.6943043414,-1323.6951043414,-1323.6943043414,5.458017e-02,2.274395,1,51
36,insert,"insert(QD(0,6->4,11)@1)",9,-1323.6966904237,-1323.6957904237,-1323.6966904237,-1323.6957904237,5.253477e-02,3.513803,1,56
37,replace,"replace(6->QD(2,8->5,10))",9,-1323.6939289098,-1323.6930289098,-1323.6939289098,-1323.6930289098,5.056602e-02,0.374592,1,56
38,delete,delete(5),8,-1323.6770685467,-1323.6762685467,-1323.6939289098,-1323.6930289098,4.867104e-02,-0.840690,0,21
39,insert,"insert(QD(0,6->5,11)@3)",10,-1323.7086121089,-1323.7076121089,-1323.7086121089,-1323.7076121089,4.684708e-02,0.469849,1,96
40,insert,"insert(QD(2,6->4,10)@10)",11,-1323.7086121089,-1323.7075121089,-1323.7086121089,-1323.7075121089,4.509148e-02,5.197979,1,12
41,delete,delete(6),10,-1323.6926138260,-1323.6916138260,-1323.7086121089,-1323.7075121089,4.340166e-02,-0.509603,0,61
42,insert,"insert(QD(2,8->4,11)@9)",12,-1323.7200894581,-1323.7188894581,-1323.7200894581,-1323.7188894581,4.177518e-02,0.472544,1,43
43,delete,delete(3),11,-1323.7054215532,-1323.7043215532,-1323.7200894581,-1323.7188894581,4.020964e-02,-0.436255,0,66
44,insert,"insert(QD(3,9->5,10)@4)",13,-1323.7211981508,-1323.7198981508,-1323.7211981508,-1323.7198981508,3.870278e-02,3.139369,1,44
45,delete,delete(7),12,-1323.7052165652,-1323.7040165652,-1323.7211981508,-1323.7198981508,3.725238e-02,-0.489556,0,71
46,insert,"insert(QD(3,9->4,10)@6)",14,-1323.7287126858,-1323.7273126858,-1323.7287126858,-1323.7273126858,3.585634e-02,1.041145,1,65
47,insert,"insert(QD(2,8->5,11)@9)",15,-1323.7312783907,-1323.7297783907,-1323.7312783907,-1323.7297783907,3.451261e-02,0.374800,1,120
48,insert,insert(QS(8->10)@2),16,-1323.7361175861,-1323.7345175861,-1323.7361175861,-1323.7345175861,3.321924e-02,1.244623,1,91
49,insert,insert(QS(2->4)@1),17,-1323.7399093324,-1323.7382093324,-1323.7399093324,-1323.7382093324,3.197434e-02,1.566523,1,134
50,insert,"insert(QD(3,9->4,11)@13)",18,-1323.7410477605,-1323.7392477605,-1323.7410477605,-1323.7392477605,3.077610e-02,1.061440,1,61
51,delete,delete(4),17,-1323.7395836896,-1323.7378836896,-1323.7395836896,-1323.7378836896,2.962276e-02,-0.474443,1,39
52,delete,delete(2),16,-1323.7380834901,-1323.7364834901,-1323.7395836896,-1323.7378836896,2.851264e-02,-0.801096,0,37
53,insert,"insert(QD(0,6->5,10)@2)",18,-1323.7410477976,-1323.7392477976,-1323.7410477976,-1323.7392477976,2.744412e-02,0.478100,1,101
54,delete,delete(4),17,-1323.7372094904,-1323.7355094904,-1323.7372094904,-1323.7355094904,2.641564e-02,-1.363504,1,96
55,delete,delete(7),16,-1323.7292279326,-1323.7276279326,-1323.7292279326,-1323.7276279326,2.542571e-02,-0.508895,1,89
56,insert,insert(QS(6->10)@9),17,-1323.7292279326,-1323.7275279326,-1323.7292279326,-1323.7275279326,2.447288e-02,5.194825,1,18
57,insert,"insert(QD(0,9->5,11)@17)",18,-1323.7296999438,-1323.7278999438,-1323.7296999438,-1323.7278999438,2.355575e-02,3.024501,1,138
58,delete,delete(12),17,-1323.7285986563,-1323.7268986563,-1323.7296999438,-1323.7278999438,2.267299e-02,-2.714049,0,39
59,insert,"insert(QD(3,9->4,10)@18)",19,-1323.7376832943,-1323.7357832943,-1323.7376832943,-1323.7357832943,2.182332e-02,0.535806,1,127
60,replace,"replace(17->QD(3,6->4,11))",19,-1323.7377976682,-1323.7358976682,-1323.7377976682,-1323.7358976682,2.100548e-02,0.429516,1,64
61,replace,"replace(5->QD(6,7->10,11))",19,-1323.7367068822,-1323.7348068822,-1323.7367068822,-1323.7348068822,2.021830e-02,4.920980,1,43
62,delete,delete(9),18,-1323.7367068822,-1323.7349068822,-1323.7367068822,-1323.7348068822,1.946061e-02,-6.184914,0,19
63,delete,delete(14),18,-1323.7247594382,-1323.7229594382,-1323.7247594382,-1323.7229594382,1.873132e-02,-0.691526,1,81
64,insert,"insert(QD(2,8->4,11)@18)",19,-1323.7367065099,-1323.7348065099,-1323.7367065099,-1323.7348065099,1.802936e-02,0.716131,1,106
65,delete,delete(10),18,-1323.7341087659,-1323.7323087659,-1323.7341087659,-1323.7323087659,1.735370e-02,-0.359926,1,41
66,swap,"swap(6,9)",18,-1323.7341087985,-1323.7323087985,-1323.7341087985,-1323.7323087985,1.670337e-02,0.000002,1,21
67,insert,"insert(QD(2,8->5,11)@3)",19,-1323.7367064564,-1323.7348064564,-1323.7367064564,-1323.7348064564,1.607741e-02,0.371262,1,148
68,insert,"insert(QD(3,9->5,10)@17)",20,-1323.7377977490,-1323.7357977490,-1323.7377977490,-1323.7357977490,1.547490e-02,1.253183,1,67
69,insert,"insert(QD(0,3->4,5)@15)",21,-1323.7380225536,-1323.7359225536,-1323.7380225536,-1323.7359225536,1.489498e-02,3.679217,1,47
70,replace,"replace(6->QD(0,9->5,11))",21,-1323.7384919983,-1323.7363919983,-1323.7380225536,-1323.7359225536,1.433678e-02,-4.358686,0,159
71,insert,insert(QS(8->10)@4),22,-1323.7418538593,-1323.7396538593,-1323.7418538593,-1323.7396538593,1.379951e-02,1.420987,1,145
72,insert,"insert(QD(3,6->4,10)@9)",23,-1323.7432037532,-1323.7409037532,-1323.7432037532,-1323.7409037532,1.328237e-02,1.226852,1,101
73,insert,"insert(QD(0,9->5,11)@22)",24,-1323.7436729155,-1323.7412729155,-1323.7436729155,-1323.7412729155,1.278461e-02,1.178497,1,182
74,delete,delete(21),23,-1323.7348971024,-1323.7325971024,-1323.7348971024,-1323.7325971024,1.230550e-02,-0.784401,1,124
75,delete,delete(9),22,-1323.7340232752,-1323.7318232752,-1323.7348971024,-1323.7325971024,1.184435e-02,-3.338858,0,49
76,delete,delete(7),22,-1323.7348971024,-1323.7326971024,-1323.7348971024,-1323.7325971024,1.140048e-02,-5.070594,0,23
77,insert,"insert(QD(3,9->4,10)@21)",24,-1323.7436729136,-1323.7412729136,-1323.7436729136,-1323.7412729136,1.097325e-02,0.869999,1,155
78,insert,"insert(QD(0,9->4,10)@12)",25,-1323.7449899814,-1323.7424899814,-1323.7449899814,-1323.7424899814,1.056202e-02,0.830048,1,109
79,insert,"insert(QD(3,6->5,11)@9)",26,-1323.7454534897,-1323.7428534897,-1323.7454534897,-1323.7428534897,1.016621e-02,0.569868,1,141
80,swap,"swap(16,17)",26,-1323.7454545303,-1323.7428545303,-1323.7454545303,-1323.7428545303,9.785226e-03,0.000106,1,29
81,insert,insert(QS(6->11)@26),27,-1323.7454545303,-1323.7427545303,-1323.7454545303,-1323.7427545303,9.418522e-03,5.446342,1,28
82,insert,"insert(QD(0,9->5,10)@23)",28,-1323.7460480671,-1323.7432480671,-1323.7460480671,-1323.7432480671,9.065561e-03,0.511400,1,91
83,insert,"insert(QD(0,8->5,10)@3)",29,-1323.7460480671,-1323.7431480671,-1323.7460480671,-1323.7431480671,8.725827e-03,5.087137,1,30
84,delete,delete(25),28,-1323.7368255354,-1323.7340255354,-1323.7460480671,-1323.7431480671,8.398824e-03,-1.096117,0,149
85,swap,"swap(13,28)",29,-1323.7460480661,-1323.7431480661,-1323.7460480661,-1323.7431480661,8.084076e-03,-0.000000,1,30
86,delete,delete(1),28,-1323.7421905244,-1323.7393905244,-1323.7460480661,-1323.7431480661,7.781124e-03,-0.697288,0,151
87,insert,"insert(QD(3,9->5,11)@29)",30,-1323.7464273386,-1323.7434273386,-1323.7464273386,-1323.7434273386,7.489524e-03,0.135954,1,193
88,insert,insert(QS(2->4)@24),31,-1323.7464273498,-1323.7433273498,-1323.7464273498,-1323.7433273498,7.208852e-03,5.102525,1,34
89,delete,delete(15),30,-1323.7203811814,-1323.7173811814,-1323.7464273498,-1323.7433273498,6.938699e-03,-3.712224,0,161
90,swap,"swap(9,12)",31,-1323.7464273498,-1323.7433273498,-1323.7464273498,-1323.7433273498,6.678669e-03,-0.000000,1,32
91,insert,"insert(QD(6,9->10,11)@31)",32,-1323.7466422333,-1323.7434422333,-1323.7466422333,-1323.7434422333,6.428385e-03,0.141548,1,69
92,insert,"insert(QD(0,9->4,11)@30)",33,-1323.7467236850,-1323.7434236850,-1323.7467236850,-1323.7434236850,6.187479e-03,0.454118,1,106
93,insert,"insert(QD(0,7->5,11)@11)",34,-1323.7467236850,-1323.7433236850,-1323.7467236850,-1323.7433236850,5.955602e-03,4.958924,1,35
94,replace,"replace(33->QD(3,6->5,10))",34,-1323.7465855177,-1323.7431855177,-1323.7467236850,-1323.7433236850,5.732414e-03,-0.020315,0,109
95,delete,delete(29),33,-1323.7348090980,-1323.7315090980,-1323.7467236850,-1323.7433236850,5.517591e-03,-2.111624,0,141
96,insert,"insert(QD(3,6->5,10)@16)",35,-1323.7468054274,-1323.7433054274,-1323.7468054274,-1323.7433054274,5.310818e-03,-0.027723,1,112
97,delete,delete(12),34,-1323.7455105259,-1323.7421105259,-1323.7455105259,-1323.7421105259,5.111794e-03,-0.203446,1,109
98,insert,"insert(QD(3,6->4,10)@8)",35,-1323.7468054170,-1323.7433054170,-1323.7468054170,-1323.7433054170,4.920228e-03,0.212545,1,149
99,delete,delete(4),34,-1323.7442217304,-1323.7408217304,-1323.7442217304,-1323.7408217304,4.735841e-03,-0.492468,1,109
100,insert,"insert(QD(1,8->4,10)@25)",35,-1323.7442217304,-1323.7407217304,-1323.7442217304,-1323.7407217304,4.558364e-03,4.946086,1,36
101,delete,delete(18),34,-1323.5334796986,-1323.5300796986,-1323.7442217304,-1323.7407217304,4.387539e-03,-47.984844,0,251
102,insert,"insert(QD(1,7->5,10)@2)",36,-1323.7442217304,-1323.7406217304,-1323.7442217304,-1323.7406217304,4.223115e-03,4.944025,1,37
103,delete,delete(1),35,-1323.7442218989,-1323.7407218989,-1323.7442217304,-1323.7406217304,4.064852e-03,-4.941907,0,297
104,replace,"replace(7->QD(2,8->5,11))",36,-1323.7321666740,-1323.7285666740,-1323.7442217304,-1323.7406217304,3.912521e-03,-3.081040,0,343
105,insert,"insert(QD(0,6->4,11)@7)",37,-1323.7442217304,-1323.7405217304,-1323.7442217304,-1323.7405217304,3.765898e-03,4.940458,1,38
106,replace,"replace(11->QD(2,8->5,11))",37,-1323.7468053918,-1323.7431053918,-1323.7442217304,-1323.7405217304,3.624770e-03,-4.758485,0,352
107,delete,delete(14),36,-1323.7442217304,-1323.7406217304,-1323.7442217304,-1323.7405217304,3.488931e-03,-4.939360,0,37
108,insert,"insert(QD(2,8->5,11)@6)",38,-1323.7468053786,-1323.7430053786,-1323.7468053786,-1323.7430053786,3.358183e-03,0.707605,1,241
109,replace,replace(33->QS(3->5)),38,-1323.7348918200,-1323.7310918200,-1323.7348918200,-1323.7310918200,3.232334e-03,1.803777,1,201
110,delete,delete(31),37,-1323.7257872966,-1323.7220872966,-1323.7348918200,-1323.7310918200,3.111201e-03,-4.934265,0,196
111,insert,"insert(QD(3,9->4,10)@15)",39,-1323.7348918744,-1323.7309918744,-1323.7348918744,-1323.7309918744,2.994608e-03,4.934380,1,42
112,swap,"swap(9,28)",39,-1323.7348922460,-1323.7309922460,-1323.7348922460,-1323.7309922460,2.882385e-03,0.000129,1,42
113,delete,delete(35),38,-1323.7189944127,-1323.7151944127,-1323.7348922460,-1323.7309922460,2.774367e-03,-5.753314,0,241
114,delete,delete(30),38,-1323.7348921906,-1323.7310921906,-1323.7348922460,-1323.7309922460,2.670397e-03,-4.930122,0,121
115,insert,"insert(QD(2,8->4,11)@21)",40,-1323.7468053661,-1323.7428053661,-1323.7468053661,-1323.7428053661,2.570323e-03,4.564166,1,253
116,delete,delete(5),39,-1323.7465230274,-1323.7426230274,-1323.7468053661,-1323.7428053661,2.473999e-03,-4.188944,0,778
117,insert,insert(QS(8->11)@3),41,-1323.7468074750,-1323.7427074750,-1323.7468074750,-1323.7427074750,2.381286e-03,0.421301,1,87
118,insert,insert(QS(2->5)@14),42,-1323.7468095482,-1323.7426095482,-1323.7468095482,-1323.7426095482,2.292046e-03,-0.062443,1,90
119,insert,"insert(QD(2,8->5,10)@12)",43,-1323.7468095482,-1323.7425095482,-1323.7468095482,-1323.7425095482,2.206151e-03,0.219888,1,44
120,swap,"swap(14,34)",43,-1323.7468095477,-1323.7425095477,-1323.7468095477,-1323.7425095477,2.123475e-03,-0.000000,1,47
121,insert,"insert(QD(7,9->10,11)@16)",44,-1323.7468095477,-1323.7424095477,-1323.7468095477,-1323.7424095477,2.043898e-03,5.113209,1,45
122,insert,"insert(QD(2,7->5,11)@14)",45,-1323.7468095477,-1323.7423095477,-1323.7468095477,-1323.7423095477,1.967302e-03,5.111339,1,46
123,swap,"swap(2,9)",45,-1323.7468095477,-1323.7423095477,-1323.7468095477,-1323.7423095477,1.893577e-03,0.000000,1,46
124,replace,replace(9->QS(8->10)),45,-1323.7468095473,-1323.7423095473,-1323.7468095473,-1323.7423095473,1.822615e-03,0.002191,1,46
125,insert,"insert(QD(1,7->5,10)@16)",46,-1323.7468095473,-1323.7422095473,-1323.7468095473,-1323.7422095473,1.754312e-03,0.440318,1,47
126,insert,insert(QS(8->10)@8),47,-1323.7468095473,-1323.7421095473,-1323.7468095473,-1323.7421095473,1.688569e-03,0.565986,1,48
127,swap,"swap(11,31)",47,-1323.7468095368,-1323.7421095368,-1323.7468095368,-1323.7421095368,1.625289e-03,-0.000006,1,48
128,insert,"insert(QD(3,9->4,11)@27)",48,-1323.7468095486,-1323.7420095486,-1323.7468095486,-1323.7420095486,1.564381e-03,0.880027,1,51
129,insert,"insert(QD(2,8->4,11)@37)",49,-1323.7468095486,-1323.7419095486,-1323.7468095486,-1323.7419095486,1.505755e-03,5.001130,1,50
130,insert,"insert(QD(2,7->5,11)@19)",50,-1323.7468095486,-1323.7418095486,-1323.7468095486,-1323.7418095486,1.449327e-03,5.854374,1,51
131,delete,delete(41),49,-1323.7468092408,-1323.7419092408,-1323.7468095486,-1323.7418095486,1.395013e-03,-4.121362,0,307
132,delete,delete(45),49,-1323.7468095486,-1323.7419095486,-1323.7468095486,-1323.7418095486,1.342735e-03,-5.972128,0,50
133,replace,"replace(1->QD(1,7->5,10))",50,-1323.7468095414,-1323.7418095414,-1323.7468095486,-1323.7418095486,1.292415e-03,-4.743741,0,572
134,delete,delete(16),49,-1323.7468095486,-1323.7419095486,-1323.7468095486,-1323.7418095486,1.243982e-03,-5.363377,0,50
135,swap,"swap(24,33)",50,-1323.7468095446,-1323.7418095446,-1323.7468095446,-1323.7418095446,1.197363e-03,-0.000003,1,51
136,replace,replace(21->QS(6->11)),50,-1323.7463097886,-1323.7413097886,-1323.7463097886,-1323.7413097886,1.152492e-03,5.052117,1,105
137,delete,delete(19),49,-1323.7463098013,-1323.7414098013,-1323.7463097886,-1323.7413097886,1.109302e-03,-5.570456,0,52
138,delete,delete(24),49,-1323.7450328931,-1323.7401328931,-1323.7463097886,-1323.7413097886,1.067730e-03,-1.995872,0,154
139,replace,"replace(0->QD(3,6->5,11))",50,-1323.7449198397,-1323.7399198397,-1323.7463097886,-1323.7413097886,1.027717e-03,-1.352476,0,313
140,delete,delete(28),49,-1323.7463098027,-1323.7414098027,-1323.7463097886,-1323.7413097886,9.892030e-04,-5.558776,0,52
141,swap,"swap(9,11)",50,-1323.7463098013,-1323.7413098013,-1323.7463098013,-1323.7413098013,9.521324e-04,0.000013,1,53
142,replace,"replace(36->QD(0,6->4,10))",50,-1323.7463098013,-1323.7413098013,-1323.7463098013,-1323.7413098013,9.164510e-04,-0.000267,1,51
143,delete,delete(3),49,-1323.7463076697,-1323.7414076697,-1323.7463098013,-1323.7413098013,8.821068e-04,-5.330045,0,52
144,replace,"replace(0->QD(3,6->5,11))",50,-1323.7449198347,-1323.7399198347,-1323.7463098013,-1323.7413098013,8.490496e-04,-1.637284,0,313
145,replace,"replace(15->QD(3,6->5,11))",50,-1323.7468094484,-1323.7418094484,-1323.7463098013,-1323.7413098013,8.172313e-04,-5.065617,0,313
146,delete,delete(37),49,-1323.7457641519,-1323.7408641519,-1323.7463098013,-1323.7413098013,7.866053e-04,-2.186706,0,103
147,replace,"replace(14->QD(1,9->5,11))",50,-1323.7463098082,-1323.7413098082,-1323.7463098082,-1323.7413098082,7.571271e-04,0.000144,1,54
148,replace,"replace(17->QD(0,6->5,10))",50,-1323.7463098080,-1323.7413098080,-1323.7463098080,-1323.7413098080,7.287536e-04,0.002335,1,51
149,replace,"replace(48->QD(3,6->5,11))",50,-1323.7464261075,-1323.7414261075,-1323.7464261075,-1323.7414261075,7.014434e-04,0.164380,1,313
150,swap,"swap(45,47)",50,-1323.7464262634,-1323.7414262634,-1323.7464262634,-1323.7414262634,6.751566e-04,0.000231,1,53
151,delete,delete(36),49,-1323.7464262928,-1323.7415262928,-1323.7464262634,-1323.7414262634,6.498549e-04,-5.504322,0,53
152,delete,delete(40),49,-1323.7464262931,-1323.7415262931,-1323.7464262634,-1323.7414262634,6.255015e-04,-5.500861,0,53
153,delete,delete(46),49,-1323.7305421179,-1323.7256421179,-1323.7464262634,-1323.7414262634,6.020607e-04,-26.881728,0,307
154,delete,delete(11),49,-1323.7464256783,-1323.7415256783,-1323.7464256783,-1323.7415256783,5.794983e-04,-5.422700,1,307
155,insert,"insert(QD(3,9->5,11)@34)",50,-1323.7468093961,-1323.7418093961,-1323.7468093961,-1323.7418093961,5.577815e-04,1.171669,1,313
156,delete,delete(33),49,-1323.7468095298,-1323.7419095298,-1323.7468093961,-1323.7418093961,5.368785e-04,-5.299918,0,460
157,swap,"swap(32,34)",50,-1323.7468095145,-1323.7418095145,-1323.7468095145,-1323.7418095145,5.167588e-04,0.000229,1,54
158,swap,"swap(31,46)",50,-1323.7468095064,-1323.7418095064,-1323.7468095064,-1323.7418095064,4.973931e-04,-0.000016,1,53
159,delete,delete(12),49,-1323.7468095491,-1323.7419095491,-1323.7468095064,-1323.7418095064,4.787532e-04,-4.830152,0,53
160,delete,delete(49),49,-1323.7465897905,-1323.7416897905,-1323.7465897905,-1323.7416897905,4.608118e-04,-0.921356,1,52
161,swap,"swap(13,38)",49,-1323.7465898398,-1323.7416898398,-1323.7465898398,-1323.7416898398,4.435428e-04,0.000111,1,53
162,insert,"insert(QD(0,9->4,10)@32)",50,-1323.7465898398,-1323.7415898398,-1323.7465898398,-1323.7415898398,4.269209e-04,5.416439,1,51
163,delete,delete(41),49,-1323.7465898398,-1323.7416898398,-1323.7465898398,-1323.7415898398,4.109220e-04,-5.417579,0,50
164,replace,"replace(49->QD(6,9->10,11))",50,-1323.7463090243,-1323.7413090243,-1323.7465898398,-1323.7415898398,3.955226e-04,-0.709958,0,157
165,delete,delete(41),49,-1323.7465898398,-1323.7416898398,-1323.7465898398,-1323.7415898398,3.807003e-04,-5.398261,0,50
166,delete,delete(22),49,-1323.7465898352,-1323.7416898352,-1323.7465898398,-1323.7415898398,3.664334e-04,-5.372102,0,50
167,swap,"swap(31,45)",50,-1323.7465898372,-1323.7415898372,-1323.7465898372,-1323.7415898372,3.527012e-04,-0.000008,1,51
168,delete,delete(38),49,-1323.7460116186,-1323.7411116186,-1323.7465898372,-1323.7415898372,3.394837e-04,-2.156826,0,103
169,delete,delete(14),49,-1323.7465898377,-1323.7416898377,-1323.7465898372,-1323.7415898372,3.267614e-04,-5.354844,0,50
170,replace,"replace(10->QD(6,9->10,11))",50,-1323.7468095391,-1323.7418095391,-1323.7465898372,-1323.7415898372,3.145160e-04,-3.528522,0,105
171,delete,delete(20),49,-1323.7465898372,-1323.7416898372,-1323.7465898372,-1323.7415898372,3.027294e-04,-5.330112,0,50
172,swap,"swap(22,30)",50,-1323.7465898361,-1323.7415898361,-1323.7465898361,-1323.7415898361,2.913846e-04,-0.000004,1,51
173,delete,delete(24),49,-1323.7465898361,-1323.7416898361,-1323.7465898361,-1323.7415898361,2.804649e-04,-5.303747,0,50
174,replace,"replace(41->QD(6,9->10,11))",50,-1323.7468095367,-1323.7418095367,-1323.7465898361,-1323.7415898361,2.699544e-04,-4.327165,0,105
175,delete,delete(45),49,-1323.7307060259,-1323.7258060259,-1323.7465898361,-1323.7415898361,2.598378e-04,-61.407802,0,307
176,swap,"swap(11,15)",50,-1323.7465898361,-1323.7415898361,-1323.7465898361,-1323.7415898361,2.501003e-04,0.000000,1,51
177,swap,"swap(42,44)",50,-1323.7465898343,-1323.7415898343,-1323.7465898343,-1323.7415898343,2.407277e-04,-0.000008,1,51
178,swap,"swap(26,33)",50,-1323.7465898344,-1323.7415898344,-1323.7465898344,-1323.7415898344,2.317064e-04,0.000001,1,51
179,replace,"replace(8->QD(1,6->5,11))",50,-1323.7465898287,-1323.7415898287,-1323.7465898287,-1323.7415898287,2.230231e-04,0.013397,1,51
180,delete,delete(1),49,-1323.7465897995,-1323.7416897995,-1323.7465898287,-1323.7415898287,2.146653e-04,-5.192725,0,511
181,delete,delete(36),49,-1323.7463702078,-1323.7414702078,-1323.7465898287,-1323.7415898287,2.066206e-04,-1.719643,0,52
182,replace,"replace(21->QD(6,9->10,11))",50,-1323.7468095371,-1323.7418095371,-1323.7465898287,-1323.7415898287,1.988775e-04,-4.003883,0,105
183,delete,delete(4),49,-1323.7465898156,-1323.7416898156,-1323.7465898287,-1323.7415898287,1.914245e-04,-5.134481,0,308
184,delete,delete(20),49,-1323.7465898287,-1323.7416898287,-1323.7465898287,-1323.7415898287,1.842508e-04,-5.117818,0,50
185,delete,delete(42),49,-1323.7465898175,-1323.7416898175,-1323.7465898287,-1323.7415898287,1.773460e-04,-5.093453,0,308
186,swap,"swap(1,40)",50,-1323.7465899990,-1323.7415899990,-1323.7465899990,-1323.7415899990,1.706999e-04,0.000998,1,106
187,delete,delete(30),49,-1323.7465899947,-1323.7416899947,-1323.7465899990,-1323.7415899990,1.643029e-04,-5.036896,0,50
188,delete,delete(23),49,-1323.7453097060,-1323.7404097060,-1323.7465899990,-1323.7415899990,1.581456e-04,-8.158686,0,154
189,delete,delete(25),49,-1323.7465896964,-1323.7416896964,-1323.7465899990,-1323.7415899990,1.522190e-04,-5.003484,0,205
190,replace,"replace(41->QD(6,9->10,11))",50,-1323.7468096825,-1323.7418096825,-1323.7465899990,-1323.7415899990,1.465146e-04,-3.572868,0,105
191,replace,"replace(20->QD(6,9->10,11))",50,-1323.7468096850,-1323.7418096850,-1323.7465899990,-1323.7415899990,1.410239e-04,-3.505651,0,105
192,replace,"replace(19->QD(6,9->10,11))",50,-1323.7468096833,-1323.7418096833,-1323.7465899990,-1323.7415899990,1.357390e-04,-3.459007,0,105
193,delete,delete(47),49,-1323.5367885234,-1323.5318885234,-1323.7465899990,-1323.7415899990,1.306522e-04,-1605.697811,0,409
194,delete,delete(31),49,-1323.7460920806,-1323.7411920806,-1323.7465899990,-1323.7415899990,1.257560e-04,-3.878396,0,103
195,replace,"replace(2->QD(6,9->10,11))",50,-1323.7453572755,-1323.7403572755,-1323.7465899990,-1323.7415899990,1.210432e-04,-10.184184,0,158
196,delete,delete(6),49,-1323.7465899624,-1323.7416899624,-1323.7465899990,-1323.7415899990,1.165071e-04,-4.803070,0,511
197,delete,delete(30),49,-1323.7465899947,-1323.7416899947,-1323.7465899990,-1323.7415899990,1.121410e-04,-4.753806,0,50
198,swap,"swap(5,31)",50,-1323.7465899992,-1323.7415899992,-1323.7465899992,-1323.7415899992,1.079385e-04,0.000001,1,51
199,delete,delete(12),49,-1323.7465899992,-1323.7416899992,-1323.7465899992,-1323.7415899992,1.038934e-04,-4.696242,0,50
200,swap,"swap(2,12)",50,-1323.7465899991,-1323.7415899991,-1323.7465899991,-1323.7415899991,1.000000e-04,-0.000000,1,51
